Datetime,Water Level (m)
2025-05-22 18:00:00,-0.121573254
2025-05-22 19:00:00,-0.32592386
2025-05-22 20:00:00,-0.4595009
2025-05-22 21:00:00,-0.5478101
2025-05-22 22:00:00,-0.52665395
2025-05-22 23:00:00,-0.15722142
2025-05-23 00:00:00,0.31351143
2025-05-23 01:00:00,0.65170693
2025-05-23 02:00:00,0.8916148
2025-05-23 03:00:00,0.93527323
2025-05-23 04:00:00,0.8004865
2025-05-23 05:00:00,0.49705714
2025-05-23 06:00:00,0.16010201
2025-05-23 07:00:00,-0.07347512
2025-05-23 08:00:00,-0.22921838
2025-05-23 09:00:00,-0.33086067
2025-05-23 10:00:00,-0.36634812
2025-05-23 11:00:00,-0.17019755
2025-05-23 12:00:00,0.3280204
2025-05-23 13:00:00,0.67520314
2025-05-23 14:00:00,0.9304129
2025-05-23 15:00:00,0.99781656
2025-05-23 16:00:00,0.8757592
2025-05-23 17:00:00,0.5589671
2025-05-23 18:00:00,0.18665399
2025-05-23 19:00:00,-0.0975412
2025-05-23 20:00:00,-0.29577333
2025-05-23 21:00:00,-0.4421386
2025-05-23 22:00:00,-0.56107444
2025-05-23 23:00:00,-0.5568049
2025-05-24 00:00:00,-0.08362378
2025-05-24 01:00:00,0.42841256
2025-05-24 02:00:00,0.8232722
2025-05-24 03:00:00,1.0928636
2025-05-24 04:00:00,1.1481682
2025-05-24 05:00:00,0.9846851
2025-05-24 06:00:00,0.6552166
2025-05-24 07:00:00,0.28892773
2025-05-24 08:00:00,0.029995373
2025-05-24 09:00:00,-0.1646428
2025-05-24 10:00:00,-0.30265686
2025-05-24 11:00:00,-0.3785164
2025-05-24 12:00:00,-0.23027918
2025-05-24 13:00:00,0.34900218
2025-05-24 14:00:00,0.7546882
2025-05-24 15:00:00,1.0466048
2025-05-24 16:00:00,1.1157069
2025-05-24 17:00:00,0.94688094
2025-05-24 18:00:00,0.5704092
2025-05-24 19:00:00,0.18073624
2025-05-24 20:00:00,-0.11186927
2025-05-24 21:00:00,-0.32073367
2025-05-24 22:00:00,-0.48378405
2025-05-24 23:00:00,-0.6130677
2025-05-25 00:00:00,-0.6097308
2025-05-25 01:00:00,0.016374268
2025-05-25 02:00:00,0.5735546
2025-05-25 03:00:00,1.0205679
2025-05-25 04:00:00,1.2922399
2025-05-25 05:00:00,1.2934682
2025-05-25 06:00:00,1.0613385
2025-05-25 07:00:00,0.6668998
2025-05-25 08:00:00,0.31173253
2025-05-25 09:00:00,0.04831064
2025-05-25 10:00:00,-0.16115235
2025-05-25 11:00:00,-0.318502
2025-05-25 12:00:00,-0.42076054
2025-05-25 13:00:00,-0.27974802
2025-05-25 14:00:00,0.3621592
2025-05-25 15:00:00,0.79261065
2025-05-25 16:00:00,1.1188009
2025-05-25 17:00:00,1.1875197
2025-05-25 18:00:00,0.96766734
2025-05-25 19:00:00,0.53691024
2025-05-25 20:00:00,0.15145639
2025-05-25 21:00:00,-0.12248143
2025-05-25 22:00:00,-0.3255316
2025-05-25 23:00:00,-0.478591
2025-05-26 00:00:00,-0.6029292
2025-05-26 01:00:00,-0.5320136
2025-05-26 02:00:00,0.20239408
2025-05-26 03:00:00,0.76214194
2025-05-26 04:00:00,1.252328
2025-05-26 05:00:00,1.5092067
2025-05-26 06:00:00,1.4573789
2025-05-26 07:00:00,1.1732723
2025-05-26 08:00:00,0.719784
2025-05-26 09:00:00,0.35427567
2025-05-26 10:00:00,0.08330166
2025-05-26 11:00:00,-0.13639168
2025-05-26 12:00:00,-0.30865484
2025-05-26 13:00:00,-0.4111294
2025-05-26 14:00:00,-0.18583578
2025-05-26 15:00:00,0.47545192
2025-05-26 16:00:00,0.9105691
2025-05-26 17:00:00,1.2088078
2025-05-26 18:00:00,1.218754
2025-05-26 19:00:00,0.9214227
2025-05-26 20:00:00,0.44041085
2025-05-26 21:00:00,0.055775464
2025-05-26 22:00:00,-0.2219791
2025-05-26 23:00:00,-0.41863474
2025-05-27 00:00:00,-0.57335335
2025-05-27 01:00:00,-0.6835933
2025-05-27 02:00:00,-0.46834794
2025-05-27 03:00:00,0.30875117
2025-05-27 04:00:00,0.83750546
2025-05-27 05:00:00,1.3047833
2025-05-27 06:00:00,1.5138264
2025-05-27 07:00:00,1.4364489
2025-05-27 08:00:00,1.1467501
2025-05-27 09:00:00,0.69197696
2025-05-27 10:00:00,0.34064063
2025-05-27 11:00:00,0.07459028
2025-05-27 12:00:00,-0.1339116
2025-05-27 13:00:00,-0.28492737
2025-05-27 14:00:00,-0.33684298
2025-05-27 15:00:00,0.122399114
2025-05-27 16:00:00,0.70909786
2025-05-27 17:00:00,1.1151675
2025-05-27 18:00:00,1.3416035
2025-05-27 19:00:00,1.2512954
2025-05-27 20:00:00,0.8890887
2025-05-27 21:00:00,0.44421893
2025-05-27 22:00:00,0.11876287
2025-05-27 23:00:00,-0.11905038
2025-05-28 00:00:00,-0.2989181
2025-05-28 01:00:00,-0.43084207
2025-05-28 02:00:00,-0.47222942
2025-05-28 03:00:00,0.06383612
2025-05-28 04:00:00,0.76479626
2025-05-28 05:00:00,1.3355371
2025-05-28 06:00:00,1.7304063
2025-05-28 07:00:00,1.8203534
2025-05-28 08:00:00,1.7053809
2025-05-28 09:00:00,1.3154051
2025-05-28 10:00:00,0.8746919
2025-05-28 11:00:00,0.5836489
2025-05-28 12:00:00,0.3621212
2025-05-28 13:00:00,0.20292407
2025-05-28 14:00:00,0.10572734
2025-05-28 15:00:00,0.15446714
2025-05-28 16:00:00,0.70855045
2025-05-28 17:00:00,1.2416569
2025-05-28 18:00:00,1.5962595
